[
  { "word": "Oslofjord", "difficulty": 1 },
  { "word": "fjellet", "difficulty": 1 },
  { "word": "vafler", "difficulty": 1 },
  { "word": "Bergen", "difficulty": 1 },
  { "word": "snøball", "difficulty": 1 },
  { "word": "kveldsmat", "difficulty": 1 },
  { "word": "Trondheim", "difficulty": 1 },
  { "word": "vinterdag", "difficulty": 1 },
  { "word": "hytteferie", "difficulty": 1 },
  { "word": "brunost", "difficulty": 1 },
  { "word": "nordlys", "difficulty": 1 },
  { "word": "skitur", "difficulty": 1 },
  { "word": "sommerferie", "difficulty": 1 },
  { "word": "håndball", "difficulty": 1 },
  { "word": "kanelbolle", "difficulty": 1 },
  { "word": "elghund", "difficulty": 1 },
  { "word": "rømmegrøt", "difficulty": 1 },
  { "word": "sandstrand", "difficulty": 1 },
  { "word": "julebord", "difficulty": 1 },
  { "word": "båtferie", "difficulty": 1 },
  { "word": "torskefisk", "difficulty": 1 },
  { "word": "Nordkapp", "difficulty": 1 },
  { "word": "isfiske", "difficulty": 1 },
  { "word": "bunad", "difficulty": 1 },
  { "word": "ostehøvel", "difficulty": 1 },
  { "word": "fjelltur", "difficulty": 1 },
  { "word": "krimbok", "difficulty": 1 },
  { "word": "barneskole", "difficulty": 1 },
  { "word": "tursti", "difficulty": 1 },
  { "word": "skogstur", "difficulty": 1 },

  { "word": "Lillehammer", "difficulty": 2 },
  { "word": "Fars kjøttkaker", "difficulty": 2 },
  { "word": "Edvard Grieg", "difficulty": 2 },
  { "word": "Marit Bjørgen", "difficulty": 2 },
  { "word": "kongens tale", "difficulty": 2 },
  { "word": "rosemalt kiste", "difficulty": 2 },
  { "word": "elg i solnedgang", "difficulty": 2 },
  { "word": "Stortinget", "difficulty": 2 },
  { "word": "Tacofredag", "difficulty": 2 },
  { "word": "Fjord og fjell", "difficulty": 2 },
  { "word": "samisk kultur", "difficulty": 2 },
  { "word": "Hardangervidda", "difficulty": 2 },
  { "word": "sakte-tv", "difficulty": 2 },
  { "word": "Kong Harald", "difficulty": 2 },
  { "word": "Erna Solberg", "difficulty": 2 },
  { "word": "Reinlav og mose", "difficulty": 2 },
  { "word": "norsk laks", "difficulty": 2 },
  { "word": "Kystvakten", "difficulty": 2 },
  { "word": "Oljeplattform", "difficulty": 2 },
  { "word": "Vossafår", "difficulty": 2 },
  { "word": "norsk natur", "difficulty": 2 },
  { "word": "postnummeret mitt", "difficulty": 2 },
  { "word": "norske flagget", "difficulty": 2 },
  { "word": "nattbussen hjem", "difficulty": 2 },
  { "word": "Lofotfisket", "difficulty": 2 },
  { "word": "juleverksted", "difficulty": 2 },
  { "word": "natt og dag", "difficulty": 2 },
  { "word": "blåmuggost", "difficulty": 2 },
  { "word": "klatretur", "difficulty": 2 },
  { "word": "storm på havet", "difficulty": 2 },

  { "word": "Trygve Slagsvold Vedum", "difficulty": 3 },
  { "word": "Statens vegvesen", "difficulty": 3 },
  { "word": "kommunereformen", "difficulty": 3 },
  { "word": "Stortingets kontrollkomité", "difficulty": 3 },
  { "word": "klimakvotemarkedet", "difficulty": 3 },
  { "word": "beredskapstroppen", "difficulty": 3 },
  { "word": "folketrygdsystemet", "difficulty": 3 },
  { "word": "kontantstøtteordning", "difficulty": 3 },
  { "word": "offentlig sektor", "difficulty": 3 },
  { "word": "internasjonal solidaritet", "difficulty": 3 },
  { "word": "utenriksdepartementet", "difficulty": 3 },
  { "word": "barnetrygdsatsen", "difficulty": 3 },
  { "word": "livssynsnøytralitet", "difficulty": 3 },
  { "word": "energieffektivisering", "difficulty": 3 },
  { "word": "personvernerklæring", "difficulty": 3 },
  { "word": "sivilombudet", "difficulty": 3 },
  { "word": "forvaltningsnivå", "difficulty": 3 },
  { "word": "utlendingsdirektoratet", "difficulty": 3 },
  { "word": "naturmangfoldloven", "difficulty": 3 },
  { "word": "høyesterettsdommer", "difficulty": 3 },
  { "word": "grunnlovsendringer", "difficulty": 3 },
  { "word": "EØS-avtalen", "difficulty": 3 },
  { "word": "nasjonal transportplan", "difficulty": 3 },
  { "word": "helseforetakene i nord", "difficulty": 3 },
  { "word": "klimaforhandlingene i Paris", "difficulty": 3 },
  { "word": "offentlig eierskap", "difficulty": 3 },
  { "word": "forskningsrådet", "difficulty": 3 },
  { "word": "kompetanseutvikling", "difficulty": 3 },
  { "word": "regjeringens handlingsplan", "difficulty": 3 },
  { "word": "samfunnssikkerhetsstrategi", "difficulty": 3 }
]